{
  "hash": "bfd2d97d",
  "configHash": "7f3d87d4",
  "lockfileHash": "6419458f",
  "browserHash": "c05d735a",
  "optimized": {
    "@angular/common": {
      "src": "../../../../../../node_modules/@angular/common/fesm2022/common.mjs",
      "file": "@angular_common.js",
      "fileHash": "ae06420d",
      "needsInterop": false
    },
    "@angular/core": {
      "src": "../../../../../../node_modules/@angular/core/fesm2022/core.mjs",
      "file": "@angular_core.js",
      "fileHash": "1cb262c3",
      "needsInterop": false
    },
    "@angular/platform-browser": {
      "src": "../../../../../../node_modules/@angular/platform-browser/fesm2022/platform-browser.mjs",
      "file": "@angular_platform-browser.js",
      "fileHash": "9aecc9c1",
      "needsInterop": false
    },
    "@angular/router": {
      "src": "../../../../../../node_modules/@angular/router/fesm2022/router.mjs",
      "file": "@angular_router.js",
      "fileHash": "3819a6a4",
      "needsInterop": false
    },
    "@angular/common/http": {
      "src": "../../../../../../node_modules/@angular/common/fesm2022/http.mjs",
      "file": "@angular_common_http.js",
      "fileHash": "b55f52e3",
      "needsInterop": false
    },
    "rxjs": {
      "src": "../../../../../../node_modules/rxjs/dist/esm5/index.js",
      "file": "rxjs.js",
      "fileHash": "cc97618a",
      "needsInterop": false
    },
    "@angular/forms": {
      "src": "../../../../../../node_modules/@angular/forms/fesm2022/forms.mjs",
      "file": "@angular_forms.js",
      "fileHash": "19717350",
      "needsInterop": false
    }
  },
  "chunks": {
    "chunk-63QXRHOW": {
      "file": "chunk-63QXRHOW.js"
    },
    "chunk-N7RPQC2D": {
      "file": "chunk-N7RPQC2D.js"
    },
    "chunk-QUFGTQRT": {
      "file": "chunk-QUFGTQRT.js"
    },
    "chunk-QX2COTFA": {
      "file": "chunk-QX2COTFA.js"
    },
    "chunk-S35MAB2V": {
      "file": "chunk-S35MAB2V.js"
    }
  }
}