{
  "contacts": [
    {
      "id": "1a2b3c4d",
      "name": "Swanand",
      "email": "sj@gmail.com",
      "company": "Microsoft",
      "title": "This is a test",
      "photo": "https://encrypted-tbn0.gstatic.com/images?q=tbn:ANd9GcTtuphMb4mq-EcVWhMVT8FCkv5dqZGgvn_QiA&s",
      "mobile": "9235647589",
      "groupId": "2"
    },
    {
      "id": "5e6f7g8h",
      "name": "John Doe",
      "email": "john.doe@example.com",
      "company": "Google",
      "title": "Software Engineer",
      "photo": "https://randomuser.me/api/portraits/men/1.jpg",
      "mobile": "9876543210",
      "groupId": "1"
    },
    {
      "id": "9i0j1k2l",
      "name": "Jane Smith",
      "email": "jane.smith@example.com",
      "company": "Amazon",
      "title": "Product Manager",
      "photo": "https://randomuser.me/api/portraits/women/2.jpg",
      "mobile": "8765432109",
      "groupId": "2"
    },
    {
      "id": "3m4n5o6p",
      "name": "Alex Johnson",
      "email": "alex.johnson@example.com",
      "company": "Facebook",
      "title": "UI/UX Designer",
      "photo": "https://randomuser.me/api/portraits/men/3.jpg",
      "mobile": "9871234560",
      "groupId": "1"
    },
    {
      "id": "7q8r9s0t",
      "name": "Emily Clark",
      "email": "emily.clark@example.com",
      "company": "Apple",
      "title": "Data Scientist",
      "photo": "https://randomuser.me/api/portraits/women/4.jpg",
      "mobile": "9234567890",
      "groupId": "2"
    },
    {
      "id": "bac9",
      "name": "Ajay",
      "photo": "https://encrypted-tbn0.gstatic.com/images?q=tbn:ANd9GcTtnvAOajH9gS4C30cRF7rD_voaTAKly2Ntaw&s",
      "email": "ajay@gmail.com",
      "mobile": 4569869878,
      "company": "google",
      "title": "player"
    }
  ],
  "groups": [
    {
      "id": "1",
      "name": "Colleague"
    },
    {
      "id": "2",
      "name": "Friend"
    },
    {
      "id": "3",
      "name": "Family"
    },
    {
      "id": "4",
      "name": "Business"
    },
    {
      "id": "5",
      "name": "Acquaintance"
    }
  ]
}